title,sub_category,author,image_path
10초는 영원히,한국 단편소설,황모과,https://image.yes24.com/goods/119578165/XL
13일의 김남우,한국 단편소설,김동식,https://image.yes24.com/goods/57799411/XL
1그램의 무게,한국 장편소설,임제훈,https://image.yes24.com/goods/119608476/XL
1차원이 되고 싶어,한국 장편소설,박상영,https://image.yes24.com/goods/103916738/XL
2018 제9회 젊은작가상 수상작품집,한국 단편소설,박민정,https://image.yes24.com/goods/59507350/XL
2019 김승옥문학상 수상작품집,한국 단편소설,윤성희,https://image.yes24.com/goods/79375642/XL
2020 제11회 젊은작가상 수상작품집,한국 단편소설,강화길,https://image.yes24.com/goods/91555358/XL
2022 제13회 젊은작가상 수상작품집,한국 단편소설,임솔아,https://image.yes24.com/goods/108672470/XL
2023 김승옥문학상 수상작품집,한국 단편소설,권여선,https://image.yes24.com/goods/122754335/XL
2023 신춘문예당선 소설집,한국 단편소설,한국소설가협회,https://image.yes24.com/goods/117027221/XL
2023 올해의 문제소설,한국 단편소설,한국현대소설학회,https://image.yes24.com/goods/117604962/XL
2023 제14회 젊은작가상 수상작품집,한국 단편소설,이미상,https://image.yes24.com/goods/118285980/XL
2024 신춘문예 당선 소설집,한국 단편소설,임희강,https://image.yes24.com/goods/124719642/XL
28,한국 장편소설,정유정,https://image.yes24.com/momo/TopCate261/MidCate007/25779704.jpg
5분 소설,한국 단편소설,김재성,https://image.yes24.com/goods/91220709/XL
7년의 밤,한국 장편소설,정유정,https://image.yes24.com/goods/4701388/XL
82년생 김지영,한국 장편소설,조남주,https://image.yes24.com/goods/32972572/XL
86학번 승연이,한국 장편소설,박선경,https://image.yes24.com/goods/123367736/XL
BU 케어 보험,한국 장편소설,이희영,https://image.yes24.com/goods/123774085/XL
GV 빌런 고태경,한국 장편소설,정대건,https://image.yes24.com/goods/90004865/XL
[예스리커버] 가녀장의 시대,한국 장편소설,이슬아,https://image.yes24.com/goods/114273352/XL
[최근담] 가꾸는 이의 즐거움,한국 장편소설,추미애,https://image.yes24.com/goods/123743582/XL
[최근담] 그래머블 제로 Grammable zero,한국 단편소설,박완서,https://image.yes24.com/goods/6259957/XL
百의 그림자,한국 장편소설,황정은,https://image.yes24.com/goods/106544854/XL
가만한 나날,한국 단편소설,김세희,https://image.yes24.com/goods/69726334/XL
가만히 부르는 이름,한국 장편소설,임경선,https://image.yes24.com/goods/93309227/XL
가면의 꿈,한국 단편소설,이청준,https://image.yes24.com/momo/TopCate162/MidCate03/16122500.jpg
가시고기 우리 아빠,한국 장편소설,조창인,https://image.yes24.com/goods/107512748/XL
가시고기,한국 장편소설,조창인,https://image.yes24.com/goods/72335902/XL
가장 나쁜 일,한국 장편소설,김보현,https://image.yes24.com/goods/110792471/XL
가해자들,한국 장편소설,정소현,https://image.yes24.com/goods/93991070/XL
각각의 계절,한국 단편소설,권여선,https://image.yes24.com/goods/118677758/XL
강화도,한국 장편소설,송호근,https://image.yes24.com/goods/38311671/XL
개,한국 장편소설,김훈,https://image.yes24.com/goods/99398390/XL
개들이 식사할 시간,한국 단편소설,강지영,https://image.yes24.com/goods/43606158/XL
거인의 꿈,한국 장편소설,최영태,https://image.yes24.com/goods/124328323/XL
검은 꽃,한국 장편소설,김영하,https://image.yes24.com/goods/96033354/XL
검은 사슴,한국 장편소설,한강,https://image.yes24.com/goods/57665662/XL
검찰 바이러스 감염증,한국 장편소설,최영주,https://image.yes24.com/goods/124219580/XL
겨울 간식집,한국 단편소설,박연준,https://image.yes24.com/goods/123800581/XL
겨울나그네 1,한국 장편소설,최인호,https://image.yes24.com/goods/124124611/XL
겨울나그네 2,한국 장편소설,최인호,https://image.yes24.com/goods/124124622/XL
겨울방학,한국 단편소설,최진영,https://image.yes24.com/goods/80993781/XL
겨울을 지나가다,한국 장편소설,조해진,https://image.yes24.com/goods/123423121/XL
격리된 아이,한국 장편소설,박서련,https://image.yes24.com/goods/108801812/XL
경성 탐정 이상,한국 장편소설,김재희,https://image.yes24.com/momo/TopCate192/MidCate007/19169872.jpg
경애의 마음,한국 장편소설,김금희,https://image.yes24.com/goods/60894315/XL
경우 없는 세계,한국 장편소설,백온유,https://image.yes24.com/goods/118106009/XL
경청,한국 장편소설,김혜진,https://image.yes24.com/goods/115096447/XL
계속해보겠습니다,한국 장편소설,황정은,https://image.yes24.com/momo/TopCate417/MidCate003/41625110.jpg
계절은 짧고 기억은 영영,한국 장편소설,이주혜,https://image.yes24.com/goods/123447147/XL
고독사 워크숍,한국 장편소설,박지영,https://image.yes24.com/goods/109903728/XL
고등어,한국 장편소설,공지영,https://image.yes24.com/goods/47240123/XL
고래,한국 장편소설,천명관,https://image.yes24.com/goods/11936050/XL
고르디우스의 매듭을 자르면,한국 장편소설,전혜진,https://image.yes24.com/goods/124489132/XL
고통에 관하여,한국 장편소설,정보라,https://image.yes24.com/goods/122129305/XL
공룡의 이동 경로,한국 단편소설,김화진,https://image.yes24.com/goods/121172596/XL
공방의 계절,한국 장편소설,연소민,https://image.yes24.com/goods/118034424/XL
공산토월,한국 단편소설,이문구,https://image.yes24.com/momo/TopCate319/MidCate009/31881313.jpg
관촌수필,한국 단편소설,이문구,https://image.yes24.com/goods/64340586/XL
광인,한국 장편소설,이혁진,https://image.yes24.com/goods/124028064/XL
"괴로운 밤, 우린 춤을 추네",한국 단편소설,정진영,https://image.yes24.com/goods/124439749/XL
구운몽,한국 장편소설,김만중,https://image.yes24.com/momo/TopCate388/MidCate007/29297793.jpg
구의 증명,한국 장편소설,최진영,https://image.yes24.com/momo/TopCate481/MidCate009/48084715(1).jpg
국경시장,한국 단편소설,김성중,https://image.yes24.com/momo/TopCate470/MidCate009/46986781.jpg
국립존엄보장센터,한국 단편소설,박이강,https://image.yes24.com/goods/122188696/XL
국화꽃향기,한국 장편소설,김하인,https://image.yes24.com/momo/TopCate438/MidCate004/43731055.jpg
궁극의 아이,한국 장편소설,장용민,https://image.yes24.com/momo/TopCate251/MidCate008/23792913.jpg
권태,한국 단편소설,이상,https://image.yes24.com/goods/43606653/XL
궤변 말하기 대회,한국 단편소설,김동식,https://image.yes24.com/goods/110863057/XL
귀하의 노고에 감사드립니다,한국 단편소설,김의경,https://image.yes24.com/goods/122167985/XL
귤의 맛,한국 장편소설,정지아,https://image.yes24.com/goods/119655576/XL
그 고양이의 이름은 길다,한국 단편소설,이주혜,https://image.yes24.com/goods/111086295/XL
그 남자네 집,한국 장편소설,박완서,https://image.yes24.com/goods/96848943/XL
그 많던 싱아는 누가 다 먹었을까,한국 장편소설,박완서,https://image.yes24.com/goods/96808711/XL
그 산이 정말 거기 있었을까,한국 장편소설,박완서,https://image.yes24.com/goods/96808745/XL
그 여자네 집,한국 장편소설,박완서,https://image.yes24.com/momo/TopCate0001/kepub/L_30412.jpg
그 형제의 연인들,한국 장편소설,박경리,https://image.yes24.com/goods/124184071/XL
그걸 왜 이제 얘기해,한국 장편소설,봉부아,https://image.yes24.com/goods/123998152/XL
그대 아직도 꿈꾸고 있는가,한국 장편소설,박완서,https://image.yes24.com/goods/6259975/XL
그리고 봄,한국 장편소설,조선희,https://image.yes24.com/goods/122849235/XL
"그믐, 또는 당신이 세계를 기억하는 방식",한국 장편소설,장강명,https://image.yes24.com/goods/19684661/XL
그해 겨울은 따뜻했네 1,한국 장편소설,박완서,https://image.yes24.com/goods/6259960/XL
그해 겨울은 따뜻했네 2,한국 장편소설,박완서,https://image.yes24.com/goods/6259963/XL
급류,한국 장편소설,정대건,https://image.yes24.com/goods/116586303/XL
기나긴 하루,한국 단편소설,박완서,https://image.yes24.com/momo/TopCate509/MidCate001/46911815.jpg
기억을 넘어 너에게 갈게,한국 단편소설,박완서,https://image.yes24.com/goods/6259957/XL
기억하는 소설,한국 단편소설,강영숙,https://image.yes24.com/goods/101762791/XL
길모퉁이에서 만난 사람,한국 장편소설,양귀자,https://image.yes24.com/momo/TopCate456/MidCate006/45556992.jpg
김동식 소설집 박스 세트,한국 단편소설,김동식,https://image.yes24.com/goods/98978017/XL
김약국의 딸들,한국 장편소설,박경리,https://image.yes24.com/goods/118596241/XL
김영하 소설 결정판 박스 세트 1차분,한국 단편소설,김영하,https://image.yes24.com/goods/93263081/XL
깊은 슬픔,한국 장편소설,신경숙,https://image.yes24.com/momo/TopCate0001/kepub/L_81995.jpg
까칠한 재석이가 사라졌다,한국 장편소설,고정욱,https://image.yes24.com/goods/108694874/XL
꺼삐딴 리,한국 단편소설,전광용,https://image.yes24.com/momo/TopCate371/MidCate009/37084370.jpg
꼴찌에게 보내는 갈채,한국 단편소설,박완서,https://image.yes24.com/goods/59297371/XL
꿰맨 눈의 마을,한국 단편소설,조예은,https://image.yes24.com/goods/124039584/XL
끌어안는 소설,한국 단편소설,천명관,https://image.yes24.com/momo/TopCate58/MidCate07/5768509.jpg
나나,한국 장편소설,이희영,https://image.yes24.com/goods/103967246/XL
나는 나를 파괴할 권리가 있다,한국 장편소설,김영하,https://image.yes24.com/goods/109585124/XL
나는 소망한다 내게 금지된 것을,한국 장편소설,양귀자,https://image.yes24.com/goods/72127217/XL
나는 유령작가입니다,한국 단편소설,김연수,https://image.yes24.com/momo/TopCate0001/kepub/L_484413.jpg
나는 지금도 거기 있어,한국 장편소설,임솔아,https://image.yes24.com/goods/122490171/XL
나로 만든 집,한국 단편소설,이선진,https://image.yes24.com/goods/124768610/XL
나목,한국 장편소설,박완서,https://image.yes24.com/goods/6259929/XL
나보다 어렸던 엄마에게,한국 장편소설,정진영,https://image.yes24.com/goods/102790851/XL
"나비, 날다",한국 장편소설,은미희,https://image.yes24.com/goods/103169224/XL
나의 가장 나종 지니인 것,한국 단편소설,박완서,https://image.yes24.com/momo/TopCate0001/kepub/L_30413.jpg
나의 아름다운 날들,한국 단편소설,정지아,https://image.yes24.com/goods/117290280/XL
나의 아름다운 이웃,한국 단편소설,박완서,https://image.yes24.com/goods/68844265/XL
나의 아름다운 정원,한국 장편소설,심윤경,https://image.yes24.com/momo/TopCate306/MidCate008/30575302.jpg
나의 최애에게,한국 단편소설,류시은,https://image.yes24.com/goods/119293429/XL
나의 할머니에게,한국 단편소설,윤성희,https://image.yes24.com/goods/90157226/XL
나인,한국 장편소설,천선란,https://image.yes24.com/goods/104721426/XL
나주에 대하여,한국 단편소설,김화진,https://image.yes24.com/goods/114907339/XL
"나혜석, 글 쓰는 여자의 탄생",한국 장편소설,이승우,https://image.yes24.com/goods/78490419/XL
낙원은 창백한 손으로,한국 장편소설,박영,https://image.yes24.com/goods/121949117/XL
난장이가 쏘아올린 작은 공,한국 단편소설,조세희,https://image.yes24.com/goods/141729/XL
날개,한국 단편소설,이상,https://image.yes24.com/momo/TopCate379/MidCate009/37885775.jpg
날개·권태·종생기(외),한국 단편소설,이상,https://image.yes24.com/goods/123039808/XL
날마다 만우절,한국 단편소설,윤성희,https://image.yes24.com/goods/102521782/XL
날씨가 좋으면 찾아가겠어요,한국 장편소설,이도우,https://image.yes24.com/goods/123746663/XL
날짜 없음,한국 장편소설,장은진,https://image.yes24.com/goods/33632899/XL
남로당 (상),한국 장편소설,이병주,https://image.yes24.com/momo/TopCate482/MidCate010/48190462.jpg
낭만적 사랑과 사회,한국 단편소설,정이현,https://image.yes24.com/momo/TopCate10/MidCate09/984092.jpg
낮은 해상도로부터,한국 단편소설,서이제,https://image.yes24.com/goods/121952377/XL
낯선 시간 속으로,한국 장편소설,이인성,https://image.yes24.com/goods/64340608/XL
내 심장을 쏴라,한국 장편소설,정유정,https://image.yes24.com/momo/TopCate437/MidCate009/7198209.jpg
내 여자의 열매,한국 단편소설,한강,https://image.yes24.com/goods/66752465/XL
내가 되는 꿈,한국 장편소설,최진영,https://image.yes24.com/goods/97666779/XL
내가 말하고 있잖아,한국 장편소설,정용준,https://image.yes24.com/goods/90959456/XL
내게 무해한 사람 (특별 한정 에디션),한국 단편소설,최은영,https://image.yes24.com/goods/122460506/XL
내게 무해한 사람,한국 단편소설,최은영,https://image.yes24.com/goods/61778623/XL
내일의 연인들,한국 단편소설,정영수,https://image.yes24.com/goods/93960899/XL
너는 내 목소리를 닮았어,한국 장편소설,김서해,https://image.yes24.com/goods/120254412/XL
너는 모른다,한국 장편소설,정이현,https://image.yes24.com/momo/TopCate0001/kepub/L_80928.jpg
"너는, 어느 계절에 죽고 싶어",한국 장편소설,홍선기,https://image.yes24.com/goods/119244026/XL
너무 한낮의 연애,한국 단편소설,김금희,https://image.yes24.com/goods/28070470/XL
너무나 많은 여름이,한국 단편소설,김연수,https://image.yes24.com/goods/119810837/XL
너와 나의 여름이 닿을 때,한국 장편소설,봄비눈,https://image.yes24.com/goods/120775012/XL
너의 다정이 나를 살리고,한국 단편소설,조선옥,https://image.yes24.com/goods/124477049/XL
너의 얼굴이 궁금해,한국 장편소설,오휘명,https://image.yes24.com/goods/123651411/XL
네가 있는 요일,한국 장편소설,박소영,https://image.yes24.com/goods/122330368/XL
노란집,한국 단편소설,박완서,https://image.yes24.com/momo/TopCate282/MidCate005/28141470.jpg
노랜드,한국 단편소설,천선란,https://image.yes24.com/goods/110114287/XL
높고 푸른 사다리,한국 장편소설,공지영,https://image.yes24.com/goods/78526489/XL
누구도 울지 않는 밤,한국 단편소설,김이설,https://image.yes24.com/goods/117986597/XL
누운 배,한국 장편소설,이혁진,https://image.yes24.com/goods/103170447/XL
눈길,한국 단편소설,이청준,https://image.yes24.com/momo/TopCate171/MidCate01/17005925.jpg
눈부신 안부,한국 장편소설,백수린,https://image.yes24.com/goods/118981227/XL
눈으로 만든 사람,한국 단편소설,최은미,https://image.yes24.com/goods/102027583/XL
느티나무 수호대,한국 단편소설,한지원,https://image.yes24.com/goods/92335474/XL
능소화,한국 장편소설,조두진,https://image.yes24.com/goods/2151263/XL
다른 사람,한국 장편소설,강화길,https://image.yes24.com/goods/102471263/XL
다윈 영의 악의 기원,한국 장편소설,박지리,https://image.yes24.com/goods/32453908/XL
단 丹,한국 장편소설,김정빈,https://image.yes24.com/momo/TopCate880/MidCate006/87958742.jpg
단 한 사람,한국 장편소설,최진영,https://image.yes24.com/goods/122544941/XL
단순한 진심,한국 장편소설,조해진,https://image.yes24.com/goods/75746436/XL
단지 소설일 뿐이네,한국 단편소설,구병모,https://image.yes24.com/goods/124737210/XL
달 너머로 달리는 말 (리커버 에디션),한국 장편소설,김훈,https://image.yes24.com/goods/115803495/XL
달까지 가자,한국 장편소설,장류진,https://image.yes24.com/goods/99111756/XL
"달려라, 아비",한국 단편소설,김애란,https://image.yes24.com/goods/79180933/XL
달밤,한국 단편소설,이태준,https://image.yes24.com/momo/TopCate379/MidCate009/37885699.jpg
당신 엄마가 당신보다 잘하는 게임,한국 단편소설,박서련,https://image.yes24.com/goods/106403339/XL
당신 옆을 스쳐간 그 소녀의 이름은,한국 장편소설,최진영,https://image.yes24.com/goods/106176007/XL
당신들의 천국,한국 장편소설,이청준,https://image.yes24.com/momo/TopCate209/MidCate008/20873335.jpg
당신의 미래를 세탁해드립니다,한국 장편소설,정욱,https://image.yes24.com/goods/123799860/XL
대도시의 사랑법,한국 단편소설,박상영,https://image.yes24.com/goods/74971092/XL
대장경,한국 장편소설,조정래,https://image.yes24.com/momo/TopCate97/MidCate09/9684446.jpg
댓글부대,한국 장편소설,장강명,https://image.yes24.com/momo/TopCate945/MidCate010/66436807.jpg
더 셜리 클럽,한국 장편소설,박서련,https://image.yes24.com/goods/91915609/XL
덧니가 보고 싶어,한국 장편소설,정세랑,https://image.yes24.com/goods/81549407/XL
도가니,한국 장편소설,공지영,https://image.yes24.com/goods/44515869/XL
도깨비 2,한국 장편소설,김수연,https://image.yes24.com/goods/35836985/XL
도림천 연가 (상),한국 장편소설,이연수,https://image.yes24.com/goods/123440985/XL
도림천 연가 (하),한국 장편소설,이연수,https://image.yes24.com/goods/123441005/XL
도요새에 관한 명상,한국 단편소설,김원일,https://image.yes24.com/goods/98364794/XL
동정 없는 세상,한국 장편소설,박현욱,https://image.yes24.com/momo/TopCate231/MidCate005/23041630.jpg
두 번째 기회,한국 장편소설,권여원,https://image.yes24.com/goods/123423052/XL
두근두근 내 인생,한국 장편소설,김애란,https://image.yes24.com/goods/5206784/XL
디디의 우산,한국 단편소설,황정은,https://image.yes24.com/goods/68210307/XL
디어 마이 송골매,한국 장편소설,이경란,https://image.yes24.com/goods/122455645/XL
딩,한국 단편소설,문진영,https://image.yes24.com/goods/118579019/XL
딸에 대하여,한국 장편소설,김혜진,https://image.yes24.com/goods/49862266/XL
땀 흘리는 소설,한국 장편소설,연소민,https://image.yes24.com/goods/118034424/XL
때론 버텨야만 하는 날들이 있다,한국 단편소설,정태현,https://image.yes24.com/goods/123992324/XL
떠도는 땅,한국 장편소설,김숨,https://image.yes24.com/goods/90108425/XL
똑같은 얼굴,한국 장편소설,정세랑,https://image.yes24.com/momo/TopCate337/MidCate008/33667981.jpg
뜨거운 유월의 바다와 중독자들,한국 장편소설,이장욱,https://image.yes24.com/goods/124754781/XL
뜻밖의 계절,한국 장편소설,임하운,https://image.yes24.com/goods/78222085/XL
라스팔마스는 없다,한국 장편소설,오성은,https://image.yes24.com/goods/123807716/XL
랑과 나의 사막,한국 단편소설,천선란,https://image.yes24.com/goods/115094437/XL
래빗 인 더 홀,한국 단편소설,김나현,https://image.yes24.com/goods/123877427/XL
러브 몬스터,한국 장편소설,이두온,https://image.yes24.com/goods/117228452/XL
레몬,한국 장편소설,권여선,https://image.yes24.com/goods/71997053/XL
로기완을 만났다,한국 장편소설,조해진,https://image.yes24.com/momo/TopCate118/MidCate07/11763796.jpg
로렘 입숨의 책,한국 단편소설,구병모,https://image.yes24.com/goods/117201766/XL
롱빈의 시간,한국 장편소설,정의연,https://image.yes24.com/goods/124588234/XL
리시안셔스,한국 단편소설,연여름,https://image.yes24.com/goods/108406100/XL
리틀 시카고,한국 장편소설,정한아,https://image.yes24.com/momo/TopCate482/MidCate001/46912211.jpg
마당 깊은 집,한국 장편소설,김원일,https://image.yes24.com/goods/64340596/XL
마민카 식당에 눈이 내리면,한국 장편소설,조수필,https://image.yes24.com/goods/124258194/XL
마법소녀 은퇴합니다,한국 장편소설,박서련,https://image.yes24.com/goods/108801812/XL
마음 편해지고 싶은 사람들을 위한 워크숍,한국 단편소설,정혜윤,https://image.yes24.com/goods/119578146/XL
마음에 없는 소리,한국 단편소설,김지연,https://image.yes24.com/goods/107905541/XL
마주,한국 장편소설,최은미,https://image.yes24.com/goods/121823497/XL
마지막 마음이 들리는 공중전화,한국 장편소설,이수연,https://image.yes24.com/goods/124521651/XL
마지막 사도 2,한국 장편소설,장용민,https://image.yes24.com/goods/117081059/XL
마지막 춤은 나와 함께,한국 장편소설,은희경,https://image.yes24.com/goods/123386099/XL
만세전,한국 단편소설,염상섭,https://image.yes24.com/momo/TopCate196/MidCate004/19533430.jpg
만조를 기다리며,한국 단편소설,조예은,https://image.yes24.com/goods/118958479/XL
말의 속도가 우리의 연애에 미친 영향,한국 단편소설,명학수,https://image.yes24.com/goods/124258860/XL
망원동 브라더스,한국 장편소설,김호연,https://image.yes24.com/goods/9159388/XL
매우 불편한 관계,한국 장편소설,황혜련,https://image.yes24.com/goods/124473927/XL
맨홀,한국 장편소설,박지리,https://image.yes24.com/goods/43505004/XL
먼 바다,한국 장편소설,공지영,https://image.yes24.com/goods/88429694/XL
메리골드 마음 세탁소,한국 장편소설,윤정은,https://image.yes24.com/goods/117716170/XL
메모리얼 향수가게,한국 장편소설,진설라,https://image.yes24.com/goods/124201725/XL
메밀꽃 필 무렵,한국 단편소설,이효석,https://image.yes24.com/momo/TopCate196/MidCate004/19533446.jpg
명랑한 밤길,한국 단편소설,공선옥,https://image.yes24.com/goods/2775973/XL
모든 것들의 세계,한국 단편소설,이유리,https://image.yes24.com/goods/115327871/XL
모든 것의 이야기 (큰글자책),한국 단편소설,김형규,https://image.yes24.com/goods/122884297/XL
모래선혈,한국 장편소설,하지은,https://image.yes24.com/goods/119329496/XL
모르는 사람들,한국 단편소설,이승우,https://image.yes24.com/goods/45804496/XL
모순,한국 장편소설,양귀자,https://image.yes24.com/momo/TopCate249/MidCate003/24823257.jpg
목마른 계절,한국 장편소설,박완서,https://image.yes24.com/goods/6259933/XL
목소리들,한국 단편소설,이승우,https://image.yes24.com/goods/123899407/XL
못 먹는 남자,한국 장편소설,정해연,https://image.yes24.com/goods/121554003/XL
몽실 언니,한국 장편소설,권정생,https://image.yes24.com/momo/TopCate183/MidCate01/18203799.jpg
몽유도원 1,한국 장편소설,김진명,https://image.yes24.com/goods/3689603/XL
몽유도원 2,한국 장편소설,김진명,https://image.yes24.com/goods/3689610/XL
무궁화꽃이 피었습니다 1,한국 장편소설,김진명,https://image.yes24.com/goods/118610490/XL
무궁화꽃이 피었습니다 2,한국 장편소설,김진명,https://image.yes24.com/goods/118610508/XL
무소의 뿔처럼 혼자서 가라,한국 장편소설,공지영,https://image.yes24.com/goods/33569976/XL
무진기행,한국 장편소설,김승옥,https://image.yes24.com/momo/TopCate43/MidCate03/4224077.jpg
무칭,한국 단편소설,이민진,https://image.yes24.com/goods/124106100/XL
문어,한국 단편소설,김동식,https://image.yes24.com/goods/97779018/XL
문학과지성사 한국문학전집 D세트,한국 단편소설,최명익,https://image.yes24.com/goods/106386224/XL
물 만난 물고기,한국 장편소설,이찬혁,https://image.yes24.com/goods/78872927/XL
물랭루주에서 왔습니다,한국 장편소설,최난영,https://image.yes24.com/goods/123055005/XL
미래 산책 연습,한국 장편소설,박솔뫼,https://image.yes24.com/goods/99273106/XL
미래의 조각,한국 단편소설,정영수,https://image.yes24.com/goods/124027336/XL
믿음에 대하여,한국 단편소설,박상영,https://image.yes24.com/goods/110728743/XL
바늘,한국 단편소설,천운영,https://image.yes24.com/momo/TopCate04/MidCate08/372335.jpg
바늘과 가죽의 시,한국 장편소설,구병모,https://image.yes24.com/goods/100030116/XL
"바람이 분다, 가라",한국 장편소설,한강,https://image.yes24.com/momo/TopCate81/MidCate04/8034070.jpg
바르도 1,한국 장편소설,리민,https://image.yes24.com/goods/121930926/XL
바리데기,한국 장편소설,황석영,https://image.yes24.com/momo/TopCate57/MidCate05/5642762.jpg
발가락이 닮았다,한국 단편소설,김동인,https://image.yes24.com/momo/TopCate406/MidCate002/40517791.jpg
밝은 밤 (특별 한정 에디션),한국 장편소설,최은영,https://image.yes24.com/goods/122460519/XL
밝은 밤,한국 장편소설,최은영,https://image.yes24.com/goods/102687133/XL
밤에 찾아오는 구원자,한국 장편소설,천선란,https://image.yes24.com/goods/102169269/XL
밤은 내가 가질게,한국 단편소설,안보윤,https://image.yes24.com/goods/123405334/XL
밤을 들려줘,한국 장편소설,공지영,https://image.yes24.com/goods/47240123/XL
밤의 반만이라도,한국 단편소설,이선진,https://image.yes24.com/goods/124768610/XL
밤의 여행자들,한국 장편소설,윤고은,https://image.yes24.com/goods/11188388/XL
밤의 징조와 연인들,한국 단편소설,우다영,https://image.yes24.com/goods/66818518/XL
밤이 오면 우리는,한국 단편소설,정보라,https://image.yes24.com/goods/122566913/XL
방금 떠나온 세계,한국 단편소설,김초엽,https://image.yes24.com/goods/104467523/XL
배따라기,한국 단편소설,김동인,https://image.yes24.com/momo/TopCate172/MidCate02/17117034.jpg
배반의 여름,한국 장편소설,박완서,https://image.yes24.com/momo/TopCate0001/kepub/L_30416.jpg
밸런스 게임,한국 단편소설,김동식,https://image.yes24.com/goods/97779037/XL
뱀과 물,한국 단편소설,배수아,https://image.yes24.com/goods/56772238/XL
버드 스트라이크,한국 장편소설,구병모,https://image.yes24.com/goods/70772353/XL
별들의 들판 1 (큰글자도서),한국 장편소설,공지영,https://image.yes24.com/goods/59732883/XL
별들의 들판 2 (큰글자도서),한국 장편소설,공지영,https://image.yes24.com/goods/59732915/XL
별빛 창창,한국 장편소설,설재인,https://image.yes24.com/goods/124575504/XL
병신과 머저리,한국 단편소설,이청준,https://image.yes24.com/momo/TopCate88/MidCate08/8777166.jpg
보건교사 안은영 (리커버 특별판),한국 장편소설,정세랑,https://image.yes24.com/goods/92562566/XL
보복대행전문주식회사 1,한국 장편소설,이외수,https://image.yes24.com/goods/40996491/XL
보복대행전문주식회사 2,한국 장편소설,이외수,https://image.yes24.com/goods/40996497/XL
보헤미안 랩소디,한국 장편소설,정재민,https://image.yes24.com/goods/98981479/XL
복길잡화점,한국 장편소설,이민혁,https://image.yes24.com/goods/123858691/XL
복자에게,한국 장편소설,김금희,https://image.yes24.com/goods/92077827/XL
봄바람,한국 장편소설,공지영,https://image.yes24.com/goods/78526489/XL
봄봄,한국 단편소설,김유정,https://image.yes24.com/momo/TopCate171/MidCate01/17005902.jpg
부끄러움을 가르칩니다,한국 단편소설,박완서,https://image.yes24.com/momo/TopCate0001/kepub/L_30417.jpg
분지의 두 여자,한국 장편소설,강영숙,https://image.yes24.com/goods/124418787/XL
불놀이,한국 장편소설,조정래,https://image.yes24.com/momo/TopCate96/MidCate01/9505005.jpg
불신시대,한국 단편소설,박경리,https://image.yes24.com/goods/101482021/XL
불장난,한국 단편소설,손보미,https://image.yes24.com/goods/106354215/XL
불편한 편의점 (큰글자도서),한국 장편소설,김호연,https://image.yes24.com/goods/110561204/XL
불편한 편의점 2,한국 장편소설,김호연,https://image.yes24.com/goods/111088149/XL
불편한 편의점,한국 장편소설,김호연,https://image.yes24.com/goods/99308021/XL
브로콜리 펀치,한국 단편소설,이유리,https://image.yes24.com/goods/104688471/XL
블랙 아이스,한국 장편소설,이수안,https://image.yes24.com/goods/124153970/XL
비가 오면 열리는 상점 (윈터 에디션),한국 장편소설,유영광,https://image.yes24.com/goods/119577650/XL
비대칭 인간,한국 단편소설,이은정,https://image.yes24.com/goods/123622595/XL
비상문,한국 단편소설,최진영,https://image.yes24.com/goods/64175138/XL
비탈진 음지,한국 장편소설,조정래,https://image.yes24.com/momo/TopCate130/MidCate09/12989145.jpg
비행운,한국 단편소설,김애란,https://image.yes24.com/momo/TopCate194/MidCate010/19372491.jpg
빛의 호위,한국 단편소설,조해진,https://image.yes24.com/momo/TopCate1072/MidCate006/107151423.jpg
빨치산의 딸 1,한국 장편소설,정지아,https://image.yes24.com/goods/119655533/XL
빨치산의 딸 2,한국 장편소설,정지아,https://image.yes24.com/goods/119655576/XL
사람의 길,한국 장편소설,한승원,https://image.yes24.com/goods/124394941/XL
사람의 아들,한국 장편소설,이문열,https://image.yes24.com/goods/90176739/XL
사랑 파먹기,한국 단편소설,권혜영,https://image.yes24.com/goods/120467918/XL
사랑 후에 오는 것들 다이어리 세트,한국 장편소설,공지영,https://image.yes24.com/goods/57506460/XL
"사랑, 이별, 죽음에 관한 짧은 소설",한국 단편소설,정이현,https://image.yes24.com/goods/118215241/XL
사랑과 혁명 1,한국 장편소설,김탁환,https://image.yes24.com/goods/122460101/XL
사랑과 혁명 2,한국 장편소설,김탁환,https://image.yes24.com/goods/122460107/XL
사랑과 혁명 3,한국 장편소설,김탁환,https://image.yes24.com/goods/122460123/XL
사랑을 믿다,한국 단편소설,권여선,https://image.yes24.com/goods/2816689/XL
사랑의 생애,한국 장편소설,이승우,https://image.yes24.com/goods/36884196/XL
사랑이 한 일,한국 단편소설,이승우,https://image.yes24.com/goods/94874777/XL
사서함 110호의 우편물,한국 장편소설,이도우,https://image.yes24.com/goods/110832417/XL
사평역,한국 단편소설,임철우,https://image.yes24.com/momo/TopCate196/MidCate004/19533461.jpg
산 자들,한국 단편소설,장강명,https://image.yes24.com/goods/75185286/XL
살수 1,한국 장편소설,김진명,https://image.yes24.com/goods/78862577/XL
살수 2,한국 장편소설,김진명,https://image.yes24.com/goods/78862579/XL
살인자의 정석,한국 단편소설,김동식,https://image.yes24.com/goods/70839297/XL
삼미 슈퍼스타즈의 마지막 팬클럽,한국 장편소설,박민규,https://image.yes24.com/goods/96536946/XL
"삼척, 불멸",한국 단편소설,김희선,https://image.yes24.com/goods/119578177/XL
삼포 가는 길,한국 단편소설,황석영,https://image.yes24.com/goods/90300100/XL
상실의 시간들,한국 장편소설,최지월,https://image.yes24.com/goods/109321978/XL
새로고침,한국 장편소설,김효인,https://image.yes24.com/goods/124489113/XL
새의 선물,한국 장편소설,은희경,https://image.yes24.com/goods/11936002/XL
생의 이면,한국 장편소설,이승우,https://image.yes24.com/momo/TopCate236/MidCate004/23535472.jpg
서 있는 여자,한국 장편소설,박완서,https://image.yes24.com/goods/6259966/XL
서른의 반격,한국 장편소설,손원평,https://image.yes24.com/goods/119105237/XL
서울 1964년 겨울,한국 단편소설,김승옥,https://image.yes24.com/goods/79189384/XL
선릉 산책,한국 단편소설,정용준,https://image.yes24.com/goods/104228639/XL
설이,한국 장편소설,심윤경,https://image.yes24.com/goods/68753155/XL
"설자은, 금성으로 돌아오다",한국 장편소설,정세랑,https://image.yes24.com/goods/122944333/XL
성은이 냥극하옵니다,한국 장편소설,백승화,https://image.yes24.com/goods/123916098/XL
세 여자 2,한국 장편소설,조선희,https://image.yes24.com/goods/119513063/XL
세계는 이렇게 바뀐다,한국 장편소설,단요,https://image.yes24.com/goods/121996138/XL
세계를 건너 너에게 갈게,한국 장편소설,이꽃님,https://image.yes24.com/goods/95377072/XL
셋셋 2024,한국 단편소설,송지영,https://image.yes24.com/goods/124608912/XL
소금,한국 장편소설,박범신,https://image.yes24.com/goods/109731506/XL
소나기,한국 단편소설,강경애,https://image.yes24.com/momo/TopCate1158/MidCate002/115717621.jpg
"소녀, 감빵에 가다",한국 장편소설,최구실,https://image.yes24.com/goods/124862610/XL
소녀는 따로 자란다,한국 단편소설,안담,https://image.yes24.com/goods/124106088/XL
소년이 온다,한국 장편소설,한강,https://image.yes24.com/goods/13137546/XL
소년행,한국 단편소설,김남천,https://image.yes24.com/goods/67735075/XL
소설가 구보 씨의 일일,한국 단편소설,박태원,https://image.yes24.com/momo/TopCate196/MidCate004/19533440.jpg
소설의 유령,한국 단편소설,이진,https://image.yes24.com/goods/123743569/XL
손 흔드는 소설,한국 단편소설,최은영,https://image.yes24.com/goods/116578550/XL
쇼코의 미소,한국 단편소설,최은영,https://image.yes24.com/goods/29288225/XL
수난이대,한국 단편소설,하근찬,https://image.yes24.com/momo/TopCate196/MidCate004/19533458.jpg
수상한 초콜릿 가게,한국 장편소설,김예은,https://image.yes24.com/goods/113448312/XL
수족관,한국 장편소설,유래혁,https://image.yes24.com/goods/124235834/XL
순이 삼촌,한국 단편소설,현기영,https://image.yes24.com/momo/TopCate477/MidCate009/47684014.jpg
숨 쉬는 소설,한국 단편소설,최진영,https://image.yes24.com/goods/103399271/XL
스노볼 1,한국 장편소설,박소영,https://image.yes24.com/goods/105407666/XL
스노볼 2,한국 장편소설,박소영,https://image.yes24.com/goods/105407672/XL
스노볼 드라이브,한국 장편소설,조예은,https://image.yes24.com/goods/97548816/XL
스위처블 러브 스토리,한국 단편소설,김수연,https://image.yes24.com/goods/121911853/XL
스파이 외전,한국 장편소설,민경우,https://image.yes24.com/goods/123665763/XL
슬픔도 힘이 된다,한국 단편소설,양귀자,https://image.yes24.com/momo/TopCate422/MidCate006/42158857.jpg
승부 1,한국 장편소설,조세래,https://image.yes24.com/goods/123665174/XL
승부 2,한국 장편소설,조세래,https://image.yes24.com/goods/123665196/XL
"시선으로부터,",한국 장편소설,정세랑,https://image.yes24.com/goods/90367403/XL
시차와 시대착오,한국 단편소설,전하영,https://image.yes24.com/goods/124850035/XL
식물들의 사생활,한국 장편소설,이승우,https://image.yes24.com/momo/TopCate319/MidCate009/31881509.jpg
식빵 굽는 시간,한국 장편소설,조경란,https://image.yes24.com/momo/TopCate03/MidCate04/237990.jpg
신의 직장. 신이 떠나다.,한국 장편소설,윤스민,https://image.yes24.com/goods/124612275/XL
심여사는 킬러,한국 장편소설,강지영,https://image.yes24.com/goods/116975378/XL
심청전,한국 장편소설,김성재,https://image.yes24.com/momo/TopCate03/MidCate01/201341.jpg
아가미,한국 장편소설,구병모,https://image.yes24.com/goods/59495035/XL
아내가 결혼했다,한국 장편소설,박현욱,https://image.yes24.com/momo/TopCate319/MidCate009/31882474.jpg
아라의 소설,한국 단편소설,정세랑,https://image.yes24.com/goods/112011829/XL
아리랑 세트,한국 장편소설,조정래,https://image.yes24.com/goods/93613832/XL
아몬드,한국 장편소설,손원평,https://image.yes24.com/goods/119697570/XL
아무도 아닌,한국 단편소설,황정은,https://image.yes24.com/momo/TopCate993/MidCate007/99108055.jpg
아버지,한국 장편소설,김정현,https://image.yes24.com/momo/TopCate309/MidCate006/30857824.jpg
아버지에게 갔었어,한국 장편소설,신경숙,https://image.yes24.com/goods/97780589/XL
아버지의 해방일지 (큰글자도서),한국 장편소설,정지아,https://image.yes24.com/goods/117814228/XL
아버지의 해방일지,한국 장편소설,정지아,https://image.yes24.com/goods/112253263/XL
아이 캔 두 이모,한국 단편소설,김우남,https://image.yes24.com/goods/124227968/XL
아주 희미한 빛으로도,한국 단편소설,최은영,https://image.yes24.com/goods/120761010/XL
아침을 볼 때마다 당신을 떠올릴 거야,한국 장편소설,조수경,https://image.yes24.com/goods/70146604/XL
아홉 켤레의 구두로 남은 사내,한국 단편소설,윤흥길,https://image.yes24.com/goods/79189378/XL
아홉번째 파도,한국 장편소설,최은미,https://image.yes24.com/goods/55864278/XL
아홉살 인생,한국 장편소설,위기철,https://image.yes24.com/goods/90225118/XL
안녕 주정뱅이,한국 단편소설,권여선,https://image.yes24.com/momo/TopCate0001/kepub/L_533719.jpg
알래스카 한의원,한국 장편소설,이소영,https://image.yes24.com/goods/118288446/XL
알려지지 않은 예술가의 눈물과 자이툰 파스타,한국 단편소설,박상영,https://image.yes24.com/goods/64366912/XL
"알로하, 나의 엄마들",한국 장편소설,이금이,https://image.yes24.com/goods/89643276/XL
애쓰지 않아도,한국 단편소설,최은영,https://image.yes24.com/goods/109080475/XL
야만적인 앨리스씨,한국 장편소설,황정은,https://image.yes24.com/goods/123198992/XL
양심 고백,한국 단편소설,김동식,https://image.yes24.com/goods/59481368/XL
어느 날 은유가 찾아왔다,한국 단편소설,박이강,https://image.yes24.com/goods/122188696/XL
어느 칼잡이 이야기,한국 장편소설,홍경령,https://image.yes24.com/momo/TopCate718/MidCate004/27908530.jpg
"어서 오세요, 휴남동 서점입니다",한국 장편소설,황보름,https://image.yes24.com/goods/106211628/XL
언러키 스타트업,한국 장편소설,정지음,https://image.yes24.com/goods/114333525/XL
엄마를 부탁해 1 (큰글자책),한국 장편소설,신경숙,https://image.yes24.com/momo/TopCate1156/MidCate006/115556683(1).jpg
엄마의 말뚝,한국 단편소설,박완서,https://image.yes24.com/goods/6259957/XL
에세이스트의 책상,한국 장편소설,배수아,https://image.yes24.com/goods/102469115/XL
엘리베이터에 낀 그 남자는 어떻게 되었나,한국 단편소설,김영하,https://image.yes24.com/goods/91279593/XL
"여름 너머, 여름",한국 단편소설,한윤서,https://image.yes24.com/goods/116580552/XL
여름과 루비,한국 장편소설,박연준,https://image.yes24.com/goods/110508491/XL
여름을 지나가다,한국 장편소설,조해진,https://image.yes24.com/goods/90365149/XL
여름의 빌라,한국 단편소설,백수린,https://image.yes24.com/goods/91053468/XL
여름이 죽었다,한국 단편소설,한지원,https://image.yes24.com/goods/92335474/XL
여명의 눈동자 2,한국 장편소설,김성종,https://image.yes24.com/momo/TopCate11/MidCate05/1048143.jpg
여수의 사랑,한국 단편소설,한강,https://image.yes24.com/goods/66752481/XL
연결하는 소설,한국 장편소설,이병주,https://image.yes24.com/momo/TopCate482/MidCate010/48190462.jpg
연남동 빙굴빙굴 빨래방,한국 장편소설,김지윤,https://image.yes24.com/goods/120763118/XL
연수,한국 단편소설,장류진,https://image.yes24.com/goods/119610004/XL
연아의 봄,한국 장편소설,이인애,https://image.yes24.com/goods/123673404/XL
연적,한국 장편소설,김호연,https://image.yes24.com/goods/20840022/XL
열애,한국 장편소설,김별아,https://image.yes24.com/goods/42658412/XL
영과 영원,한국 장편소설,신주희,https://image.yes24.com/goods/124236374/XL
영원한 유산,한국 장편소설,심윤경,https://image.yes24.com/goods/96273166/XL
예언,한국 장편소설,김진명,https://image.yes24.com/goods/116193692/XL
오래된 일기,한국 단편소설,이승우,https://image.yes24.com/momo/TopCate67/MidCate09/6688858.jpg
오래된 정원 (상),한국 장편소설,황석영,https://image.yes24.com/momo/TopCate02/MidCate04/139042.jpg
오래된 정원 (하),한국 장편소설,황석영,https://image.yes24.com/momo/TopCate02/MidCate04/139045.jpg
오발탄,한국 단편소설,이범선,https://image.yes24.com/momo/TopCate57/MidCate07/5669659.jpg
오이와 바이올린,한국 단편소설,박숙희,https://image.yes24.com/goods/124300273/XL
오즈의 마법사,한국 장편소설,L. 프랭크 바움,https://image.yes24.com/goods/58143331/XL
오직 두 사람,한국 단편소설,김영하,https://image.yes24.com/goods/110508159/XL
옥상에서 만나요,한국 단편소설,정세랑,https://image.yes24.com/goods/66591620/XL
옹골차고 쫄깃하고 향기롭게,한국 장편소설,권혜수,https://image.yes24.com/goods/124396985/XL
완벽한 생애,한국 장편소설,조해진,https://image.yes24.com/goods/103665246/XL
완벽한 케이크의 맛,한국 단편소설,김혜진,https://image.yes24.com/goods/119138127/XL
완장,한국 장편소설,윤흥길,https://image.yes24.com/momo/TopCate114/MidCate01/11301691.jpg
완전한 행복,한국 장편소설,정유정,https://image.yes24.com/goods/101908580/XL
외딴방,한국 장편소설,신경숙,https://image.yes24.com/momo/TopCate319/MidCate009/31882037.jpg
왼쪽 귀의 세계와 오른쪽 귀의 세계,한국 장편소설,이문영,https://image.yes24.com/goods/124488661/XL
욕조가 놓인 방,한국 장편소설,이승우,https://image.yes24.com/goods/103527098/XL
우리 동네,한국 단편소설,이문구,https://image.yes24.com/momo/TopCate407/MidCate008/24491255.jpg
우리가 겨울을 지나온 방식,한국 장편소설,문미순,https://image.yes24.com/goods/118785110/XL
우리가 다시 만날 수 있다면,한국 장편소설,김윤태,https://image.yes24.com/goods/113469058/XL
우리는 피난처에 잘 있습니다,한국 장편소설,이천우,https://image.yes24.com/goods/124472866/XL
우리들의 일그러진 영웅,한국 장편소설,이문열,https://image.yes24.com/goods/91199937/XL
우리들의 행복한 시간,한국 장편소설,공지영,https://image.yes24.com/momo/TopCate897/MidCate003/89619473.jpg
우리의 정류장과 필사의 밤,한국 장편소설,김이설,https://image.yes24.com/goods/93713141/XL
우상의 눈물,한국 단편소설,전상국,https://image.yes24.com/momo/TopCate196/MidCate004/19533449.jpg
우주 여행자를 위한 한국살이 가이드북,한국 단편소설,희석,https://image.yes24.com/goods/119980184/XL
우중,한국 단편소설,위성경,https://image.yes24.com/goods/114848207/XL
운수 좋은 날,한국 단편소설,현진건,https://image.yes24.com/momo/TopCate379/MidCate009/37885596.jpg
원미동 사람들,한국 장편소설,양귀자,https://image.yes24.com/goods/8183468/XL
원미동 시인,한국 단편소설,양귀자,https://image.yes24.com/momo/TopCate172/MidCate02/17116965.jpg
웬만해선 아무렇지 않다,한국 단편소설,이기호,https://image.yes24.com/momo/TopCate0001/kepub/L_457756.jpg
위저드 베이커리,한국 장편소설,구병모,https://image.yes24.com/goods/108233533/XL
유년의 뜰,한국 단편소설,오정희,https://image.yes24.com/goods/57571241/XL
유령의 마음으로,한국 단편소설,임선우,https://image.yes24.com/goods/108464855/XL
유자소전,한국 단편소설,이문구,https://image.yes24.com/momo/TopCate293/MidCate002/29214293.jpg
유쾌한 하녀 마리사,한국 단편소설,천명관,https://image.yes24.com/momo/TopCate58/MidCate07/5768509.jpg
이 별이 마음에 들어,한국 장편소설,김하율,https://image.yes24.com/goods/123773418/XL
이것이 남자의 세상이다,한국 장편소설,천명관,https://image.yes24.com/goods/32686597/XL
이달의 이웃비,한국 단편소설,박지영,https://image.yes24.com/goods/122319871/XL
이만큼 가까이,한국 장편소설,정세랑,https://image.yes24.com/momo/TopCate337/MidCate008/33667981.jpg
이상 소설 전집,한국 단편소설,이상,https://image.yes24.com/momo/TopCate388/MidCate007/21158230.jpg
이상 작품모음집,한국 단편소설,이상,https://image.yes24.com/momo/TopCate448/MidCate010/44798833.jpg
이상작품집 (미니북),한국 단편소설,이상,https://image.yes24.com/goods/86003367/XL
이제야 언니에게,한국 장편소설,최진영,https://image.yes24.com/goods/79181360/XL
이토록 평범한 미래,한국 단편소설,김연수,https://image.yes24.com/goods/113737429/XL
이효석문학상 수상작품집 2023,한국 단편소설,안보윤,https://image.yes24.com/goods/122129273/XL
인간 연습,한국 장편소설,조정래,https://image.yes24.com/goods/101379783/XL
인류의 종말은 투표로 결정되었습니다,한국 단편소설,위래,https://image.yes24.com/goods/123035539/XL
인생 박물관,한국 단편소설,김동식,https://image.yes24.com/goods/117651459/XL
일곱 해의 마지막,한국 장편소설,김연수,https://image.yes24.com/goods/90619474/XL
일의 기쁨과 슬픔,한국 단편소설,장류진,https://image.yes24.com/goods/80742923/XL
일주일,한국 단편소설,최진영,https://image.yes24.com/goods/103538415/XL
잃어버린 사람,한국 장편소설,김숨,https://image.yes24.com/goods/120469255/XL
있을 법한 모든 것,한국 단편소설,구병모,https://image.yes24.com/goods/120221539/XL
자두,한국 장편소설,이주혜,https://image.yes24.com/goods/92090936/XL
자본주의의 적,한국 단편소설,정지아,https://image.yes24.com/goods/101332008/XL
자전거 도둑,한국 단편소설,김소진,https://image.yes24.com/momo/TopCate0001/kepub/L_32097.jpg
작별 곁에서,한국 단편소설,신경숙,https://image.yes24.com/goods/118616321/XL
작별인사,한국 장편소설,김영하,https://image.yes24.com/goods/108887930/XL
작별하지 않는다,한국 장편소설,한강,https://image.yes24.com/goods/103495056/XL
작은 빛을 따라서,한국 장편소설,권여름,https://image.yes24.com/goods/123126190/XL
잔혹한 선물,한국 단편소설,도명학,https://image.yes24.com/goods/64401250/XL
장미의 이름은 장미,한국 단편소설,은희경,https://image.yes24.com/goods/106336325/XL
장하리,한국 장편소설,추미애,https://image.yes24.com/goods/123743582/XL
재,한국 장편소설,신용목,https://image.yes24.com/goods/105161611/XL
재능의 불시착,한국 단편소설,박소연,https://image.yes24.com/goods/104247550/XL
재수사 1,한국 장편소설,장강명,https://image.yes24.com/goods/112013259/XL
재수사 2,한국 장편소설,장강명,https://image.yes24.com/goods/112013264/XL
"재인, 재욱, 재훈",한국 장편소설,정세랑,https://image.yes24.com/goods/103614549/XL
재혼의 조건,한국 장편소설,박경리,https://image.yes24.com/goods/124184070/XL
저녁의 구애,한국 단편소설,편혜영,https://image.yes24.com/momo/TopCate108/MidCate09/10787979.jpg
저만치 혼자서,한국 단편소설,김훈,https://image.yes24.com/goods/109856109/XL
젊은 근희의 행진,한국 단편소설,이서수,https://image.yes24.com/goods/119105776/XL
젊은 날의 초상,한국 장편소설,이문열,https://image.yes24.com/goods/90687186/XL
젊은 느티나무,한국 단편소설,강신재,https://image.yes24.com/momo/TopCate57/MidCate07/5669656.jpg
젊은작가상 수상작품집 10주년 특별판,한국 단편소설,편혜영,https://image.yes24.com/goods/71822756/XL
정글만리 1,한국 장편소설,조정래,https://image.yes24.com/momo/TopCate402/MidCate007/33891232.jpg
정글만리 2,한국 장편소설,조정래,https://image.yes24.com/momo/TopCate402/MidCate007/33891229.jpg
정글만리 3,한국 장편소설,조정래,https://image.yes24.com/momo/TopCate402/MidCate007/33891226.jpg
"정말 미안하지만, 나는 아무렇지도 않았다",한국 단편소설,김동식,https://image.yes24.com/goods/59481407/XL
제 꿈 꾸세요,한국 단편소설,김멜라,https://image.yes24.com/goods/111746531/XL
조커와 나,한국 장편소설,손원평,https://image.yes24.com/goods/119105237/XL
좀비즈 어웨이,한국 단편소설,배예람,https://image.yes24.com/goods/108685354/XL
종의 기원,한국 장편소설,정유정,https://image.yes24.com/goods/27643793/XL
좋은 곳에서 만나요,한국 단편소설,이유리,https://image.yes24.com/goods/120214154/XL
죽어나간 시간을 위한 애도,한국 장편소설,김홍신,https://image.yes24.com/goods/122787957/XL
죽은 왕녀를 위한 파반느,한국 장편소설,박민규,https://image.yes24.com/goods/3468871/XL
죽은 자로 하여금,한국 장편소설,편혜영,https://image.yes24.com/goods/60514588/XL
죽음의 한 연구,한국 장편소설,박상륭,https://image.yes24.com/goods/90967315/XL
죽이고 싶은 아이,한국 장편소설,이꽃님,https://image.yes24.com/goods/104108604/XL
줄리아나 도쿄,한국 장편소설,한정현,https://image.yes24.com/goods/69279583/XL
중급 한국어,한국 장편소설,문지혁,https://image.yes24.com/goods/117764462/XL
즐거운 나의 집,한국 장편소설,공지영,https://image.yes24.com/goods/74587780/XL
지구에서 한아뿐,한국 장편소설,정세랑,https://image.yes24.com/goods/76106687/XL
지구영웅전설,한국 장편소설,박민규,https://image.yes24.com/momo/TopCate09/MidCate09/883959.jpg
지구인을 위한 축구 교실,한국 장편소설,오수완,https://image.yes24.com/goods/123183845/XL
지리산 3,한국 장편소설,이병주,https://image.yes24.com/momo/TopCate49/MidCate09/4880924.jpg
지리산 4,한국 장편소설,이병주,https://image.yes24.com/momo/TopCate49/MidCate09/4880927.jpg
지리산 5,한국 장편소설,이병주,https://image.yes24.com/momo/TopCate49/MidCate09/4880930.jpg
지리산 6,한국 장편소설,이병주,https://image.yes24.com/momo/TopCate49/MidCate09/4880933.jpg
지상의 노래,한국 장편소설,이승우,https://image.yes24.com/goods/90365133/XL
지켜야 할 세계,한국 장편소설,문경민,https://image.yes24.com/goods/122850732/XL
직지 1,한국 장편소설,김진명,https://image.yes24.com/goods/76109228/XL
직지 2,한국 장편소설,김진명,https://image.yes24.com/goods/76109246/XL
"진이, 지니",한국 장편소설,정유정,https://image.yes24.com/goods/73417149/XL
채식주의자,한국 장편소설,한강,https://image.yes24.com/goods/108422348/XL
책들의 부엌,한국 장편소설,김지혜,https://image.yes24.com/goods/109155030/XL
천년의 금서,한국 장편소설,김진명,https://image.yes24.com/goods/116767319/XL
천년의 사랑,한국 장편소설,양귀자,https://image.yes24.com/momo/TopCate249/MidCate003/24825052.jpg
천년의 질문 1,한국 장편소설,조정래,https://image.yes24.com/goods/74257852/XL
천년의 질문 2,한국 장편소설,조정래,https://image.yes24.com/goods/74257868/XL
천년의 질문 3,한국 장편소설,조정래,https://image.yes24.com/goods/74257871/XL
"천하의 지식인이여, 내게 와서 물으라",한국 장편소설,백금남,https://image.yes24.com/goods/123859855/XL
철도원 삼대,한국 장편소설,황석영,https://image.yes24.com/goods/90275002/XL
청년 주부 구운몽,한국 장편소설,강선우,https://image.yes24.com/goods/116991598/XL
체공녀 강주룡,한국 장편소설,박서련,https://image.yes24.com/goods/62236935/XL
초급 한국어,한국 장편소설,문지혁,https://image.yes24.com/goods/95746166/XL
초록은 어디에나,한국 단편소설,임선우,https://image.yes24.com/goods/122318278/XL
초판본 오영수 단편집,한국 단편소설,오영수,https://image.yes24.com/momo/TopCate192/MidCate007/19163491.jpg
최선의 삶,한국 장편소설,임솔아,https://image.yes24.com/momo/TopCate539/MidCate010/53894646.jpg
최소한의 최선,한국 단편소설,문진영,https://image.yes24.com/goods/123127527/XL
최은영 소설 3종 특별 한정 에디션,한국 장편소설,최은영,https://image.yes24.com/goods/110813346/XL
축복을 비는 마음,한국 단편소설,김혜진,https://image.yes24.com/goods/123316968/XL
취미는 사생활,한국 장편소설,장진영,https://image.yes24.com/goods/118578923/XL
치숙,한국 단편소설,채만식,https://image.yes24.com/momo/TopCate171/MidCate01/17005921.jpg
치치새가 사는 숲,한국 장편소설,장진영,https://image.yes24.com/goods/123126225/XL
"친애하고, 친애하는",한국 장편소설,백수린,https://image.yes24.com/goods/70175305/XL
친절한 복희씨,한국 장편소설,박완서,https://image.yes24.com/momo/TopCate58/MidCate08/5776098.jpg
침이 고인다,한국 단편소설,김애란,https://image.yes24.com/momo/TopCate58/MidCate06/5757311.jpg
카스테라,한국 단편소설,박민규,https://image.yes24.com/goods/1502626/XL
카인의 후예,한국 단편소설,황순원,https://image.yes24.com/momo/TopCate48/MidCate08/4776979.jpg
캉탕,한국 장편소설,이승우,https://image.yes24.com/goods/78490419/XL
캐스팅,한국 장편소설,우희덕,https://image.yes24.com/goods/124515919/XL
커튼콜은 사양할게요,한국 장편소설,김유담,https://image.yes24.com/goods/115253813/XL
케이크 손,한국 단편소설,단요,https://image.yes24.com/goods/124423607/XL
큐피드,한국 장편소설,방지언,https://image.yes24.com/momo/TopCate1047/MidCate004/104637413.jpg
크리스마스 타일,한국 단편소설,김금희,https://image.yes24.com/goods/115468266/XL
타인에게 말 걸기,한국 단편소설,은희경,https://image.yes24.com/goods/123386074/XL
탁류,한국 장편소설,채만식,https://image.yes24.com/momo/TopCate323/MidCate001/32209919.jpg
탄금,한국 장편소설,장다혜,https://image.yes24.com/goods/97282580/XL
태백산맥 1,한국 장편소설,조정래,https://image.yes24.com/goods/93613010/XL
태백산맥 10,한국 장편소설,조정래,https://image.yes24.com/goods/93613241/XL
태백산맥 2,한국 장편소설,조정래,https://image.yes24.com/goods/93613068/XL
태백산맥 3,한국 장편소설,조정래,https://image.yes24.com/goods/93613101/XL
태백산맥 4,한국 장편소설,조정래,https://image.yes24.com/goods/93613112/XL
태백산맥 6,한국 장편소설,조정래,https://image.yes24.com/goods/93613133/XL
태백산맥 7,한국 장편소설,조정래,https://image.yes24.com/goods/93613152/XL
태백산맥 8,한국 장편소설,조정래,https://image.yes24.com/goods/93613170/XL
태백산맥 9,한국 장편소설,조정래,https://image.yes24.com/goods/93613199/XL
태백산맥 세트,한국 장편소설,조정래,https://image.yes24.com/goods/93613329/XL
태초의 냄새,한국 단편소설,김지연,https://image.yes24.com/goods/123169286/XL
태평천하,한국 장편소설,채만식,https://image.yes24.com/goods/112254341/XL
탱크,한국 장편소설,김희재,https://image.yes24.com/goods/120482851/XL
터미네이터 라인 덫,한국 장편소설,권여원,https://image.yes24.com/momo/TopCate571/MidCate005/57040054.jpg
테레사의 오리무중,한국 단편소설,박지영,https://image.yes24.com/goods/124575546/XL
테스터,한국 장편소설,이희영,https://image.yes24.com/goods/115586033/XL
토지 1,한국 장편소설,박경리,https://image.yes24.com/goods/119458386/XL
토지 11,한국 장편소설,박경리,https://image.yes24.com/goods/119458399/XL
토지 12,한국 장편소설,박경리,https://image.yes24.com/goods/119458404/XL
토지 13,한국 장편소설,박경리,https://image.yes24.com/goods/119458409/XL
토지 14,한국 장편소설,박경리,https://image.yes24.com/goods/119458414/XL
토지 15,한국 장편소설,박경리,https://image.yes24.com/goods/119458418/XL
토지 1~20 세트,한국 장편소설,박경리,https://image.yes24.com/goods/119458391/XL
토지 2,한국 장편소설,박경리,https://image.yes24.com/goods/119458444/XL
토지 3,한국 장편소설,박경리,https://image.yes24.com/goods/119458457/XL
토지 4,한국 장편소설,박경리,https://image.yes24.com/goods/119458461/XL
토지 5,한국 장편소설,박경리,https://image.yes24.com/goods/119458466/XL
토지 6,한국 장편소설,박경리,https://image.yes24.com/goods/119458472/XL
토지 7,한국 장편소설,박경리,https://image.yes24.com/goods/119458481/XL
토지 8,한국 장편소설,박경리,https://image.yes24.com/goods/119458486/XL
토지 인물 사전,한국 장편소설,이상진,https://image.yes24.com/momo/TopCate200/MidCate008/19974651.jpg
투 유,한국 단편소설,김빵,https://image.yes24.com/goods/124722176/XL
투명인간,한국 장편소설,성석제,https://image.yes24.com/momo/TopCate384/MidCate003/38056768.jpg
튜브,한국 장편소설,손원평,https://image.yes24.com/goods/110726392/XL
트렁크,한국 장편소설,김려령,https://image.yes24.com/momo/TopCate0001/kepub/L_487090.jpg
특명,한국 장편소설,류재복,https://image.yes24.com/goods/124531450/XL
파견자들,한국 장편소설,김초엽,https://image.yes24.com/goods/122771074/XL
파과,한국 장편소설,구병모,https://image.yes24.com/goods/59990444/XL
파도가 바다의 일이라면,한국 장편소설,김연수,https://image.yes24.com/momo/TopCate609/MidCate009/60881162.jpg
파쇄,한국 단편소설,구병모,https://image.yes24.com/goods/117828174/XL
파씨의 입문,한국 단편소설,황정은,https://image.yes24.com/momo/TopCate166/MidCate01/16509559.jpg
퍼즐 맞추기,한국 단편소설,임미정,https://image.yes24.com/goods/124808159/XL
페인트,한국 장편소설,이희영,https://image.yes24.com/goods/84283458/XL
표백,한국 장편소설,장강명,https://image.yes24.com/goods/93375712/XL
푸른색 루비콘,한국 단편소설,김혜진,https://image.yes24.com/goods/124227936/XL
푸틴을 죽이는 완벽한 방법,한국 장편소설,김진명,https://image.yes24.com/goods/122319145/XL
풀꽃도 꽃이다 2,한국 장편소설,조정래,https://image.yes24.com/goods/29230418/XL
풀업,한국 단편소설,강화길,https://image.yes24.com/goods/122094869/XL
풀이 눕는다,한국 장편소설,김사과,https://image.yes24.com/goods/44380943/XL
풍수전쟁,한국 장편소설,김진명,https://image.yes24.com/goods/118966491/XL
프리즘,한국 장편소설,손원평,https://image.yes24.com/goods/92300843/XL
플롯,한국 단편소설,김영,https://image.yes24.com/goods/124833584/XL
피프티 피플,한국 장편소설,정세랑,https://image.yes24.com/goods/103102524/XL
핌·오렌지빛이랄지,한국 단편소설,이상우,https://image.yes24.com/goods/123859885/XL
"하나의 인간, 인류의 하나",한국 단편소설,김동식,https://image.yes24.com/goods/70839256/XL
하늘이여 땅이여 1,한국 장편소설,김진명,https://image.yes24.com/goods/118610524/XL
하늘이여 땅이여 2,한국 장편소설,김진명,https://image.yes24.com/goods/118610531/XL
하얼빈,한국 장편소설,김훈,https://image.yes24.com/goods/111085946/XL
하염없이 무엇을 생각합니다,한국 단편소설,이화경,https://image.yes24.com/goods/123758014/XL
하쿠다 사진관,한국 장편소설,허태연,https://image.yes24.com/goods/110733803/XL
학마을 사람들,한국 단편소설,이범선,https://image.yes24.com/momo/TopCate165/MidCate04/16437128.jpg
학폭교사 위광조,한국 장편소설,꿈몽글,https://image.yes24.com/goods/123947072/XL
한 달,한국 단편소설,이채윤,https://image.yes24.com/goods/115800485/XL
한 스푼의 시간,한국 장편소설,구병모,https://image.yes24.com/goods/31003857/XL
한국고전소설 40,한국 장편소설,정유정,https://image.yes24.com/goods/27643793/XL
한국단편문학 부모님을 위한 큰 글씨 소설,한국 단편소설,이효석,https://image.yes24.com/goods/117465305/XL
한국단편소설 70,한국 단편소설,이승우,https://image.yes24.com/goods/123899407/XL
한국이 싫어서,한국 장편소설,장강명,https://image.yes24.com/goods/17972275/XL
한정희와 나,한국 단편소설,이기호,https://image.yes24.com/goods/58096360/XL
해가 지는 곳으로,한국 장편소설,최진영,https://image.yes24.com/goods/43504366/XL
행성어 서점,한국 단편소설,김초엽,https://image.yes24.com/goods/104722726/XL
행운이 너에게 다가오는 중,한국 장편소설,이꽃님,https://image.yes24.com/goods/95615134/XL
허구의 삶,한국 단편소설,임미정,https://image.yes24.com/goods/124808159/XL
"허균, 최후의 19일 1",한국 장편소설,김탁환,https://image.yes24.com/goods/70968679/XL
"허균, 최후의 19일 2",한국 장편소설,김탁환,https://image.yes24.com/goods/70968683/XL
허수아비춤,한국 장편소설,조정래,https://image.yes24.com/momo/TopCate553/MidCate009/55285102.jpg
홈 스위트 홈,한국 단편소설,최진영,https://image.yes24.com/goods/117336493/XL
홍학의 자리,한국 장편소설,정해연,https://image.yes24.com/goods/102791425/XL
황금종이 1,한국 장편소설,조정래,https://image.yes24.com/goods/123623040/XL
황금종이 2,한국 장편소설,조정래,https://image.yes24.com/goods/123623043/XL
황만근은 이렇게 말했다,한국 단편소설,성석제,https://image.yes24.com/momo/TopCate0001/kepub/L_517787.jpg
회색 인간,한국 단편소설,김동식,https://image.yes24.com/goods/57799398/XL
회색인,한국 장편소설,최인훈,https://image.yes24.com/momo/TopCate67/MidCate06/6656793.jpg
훌훌,한국 단편소설,이미상,https://image.yes24.com/goods/118285980/XL
휘청거리는 오후 1,한국 장편소설,박완서,https://image.yes24.com/goods/6259946/XL
휘청거리는 오후 2,한국 장편소설,박완서,https://image.yes24.com/goods/6259947/XL
흐르는 북,한국 단편소설,최일남,https://image.yes24.com/momo/TopCate02/MidCate10/197818.jpg
흑룡전설 용지호,한국 장편소설,손원평,https://image.yes24.com/goods/119105237/XL
희랍어 시간,한국 장편소설,한강,https://image.yes24.com/momo/TopCate0001/kepub/L_81760.jpg
희망,한국 장편소설,양귀자,https://image.yes24.com/goods/90977017/XL
흰,한국 장편소설,한강,https://image.yes24.com/goods/60524285/XL
